	aucodds	baseline_name	settingid	goldstandard	runningtime
0	0.00040651484221038023	human_seek_gpl5175	8	regcircuit	0.0016937255859375
1	0.0	human_gtex	7	regcircuit	0.0023026466369628906
2	3.760398949402386e-05	human_tcga	6	regcircuit	0.002184152603149414
